epoch,phase,train_loss,train_acc,val_loss,val_acc,val_auc
1,1,0.704769,0.690926,0.571248,0.770292,0.849765
2,1,0.64711,0.723914,0.551375,0.787338,0.858942
3,1,0.636598,0.732542,0.549686,0.785714,0.867708
4,1,0.62611,0.739342,0.533597,0.776786,0.865792
5,1,0.627697,0.744823,0.54377,0.783279,0.868513
6,1,0.626532,0.743402,0.538389,0.797078,0.868349
7,1,0.616487,0.745838,0.532265,0.793019,0.86979
8,1,0.620551,0.744011,0.544075,0.782468,0.871912
9,1,0.611978,0.749492,0.532388,0.798701,0.873445
10,1,0.615765,0.74594,0.535849,0.805195,0.871701
11,1,0.610694,0.74797,0.515938,0.815747,0.87894
12,1,0.614396,0.753756,0.519458,0.806818,0.880595
13,1,0.607897,0.750711,0.511259,0.808442,0.882961
14,1,0.62198,0.739545,0.520622,0.806818,0.880822
15,1,0.615359,0.747868,0.517936,0.80763,0.881478
16,1,0.612856,0.748376,0.506744,0.813312,0.884821
17,1,0.604848,0.75335,0.506866,0.815747,0.885396
18,1,0.606305,0.750203,0.523259,0.800325,0.876946
19,1,0.604831,0.751523,0.522988,0.803571,0.878348
20,1,0.612336,0.745838,0.511425,0.800325,0.879914
21,1,0.59725,0.759034,0.511732,0.803571,0.880989
22,1,0.602283,0.757816,0.515679,0.79789,0.880045
23,1,0.594502,0.761571,0.508856,0.800325,0.883552
24,1,0.594815,0.758323,0.506007,0.80763,0.882905
25,1,0.59605,0.753553,0.504639,0.794643,0.883969
26,1,0.592285,0.758526,0.501044,0.806006,0.886262
27,1,0.588913,0.761571,0.497841,0.813312,0.889539
28,1,0.586087,0.766849,0.49626,0.801948,0.887936
29,1,0.590306,0.761165,0.501336,0.809253,0.888156
30,1,0.584187,0.765428,0.496469,0.804383,0.890785
31,2,0.577353,0.77365,0.48921,0.8125,0.893001
32,2,0.575799,0.772533,0.486461,0.80763,0.894814
33,2,0.566102,0.773041,0.478721,0.816558,0.896572
34,2,0.563151,0.777812,0.47465,0.818994,0.899002
35,2,0.557313,0.78309,0.471147,0.821429,0.901281
36,2,0.544565,0.783394,0.466115,0.82224,0.902811
37,2,0.539666,0.787657,0.463228,0.825487,0.903889
38,2,0.528562,0.786947,0.458981,0.825487,0.904866
39,2,0.5239,0.796387,0.459841,0.826299,0.904808
40,2,0.521069,0.796285,0.453272,0.827922,0.90774
41,2,0.511994,0.800548,0.448537,0.825487,0.908843
42,2,0.529261,0.790195,0.449417,0.831169,0.908312
43,2,0.510046,0.801157,0.447291,0.831981,0.909764
44,2,0.510271,0.803695,0.447433,0.81737,0.910836
45,2,0.508794,0.805522,0.441266,0.831981,0.911614
46,2,0.504458,0.807146,0.437619,0.829545,0.913216
47,2,0.496114,0.810698,0.438956,0.823864,0.91248
48,2,0.502476,0.808059,0.435479,0.82711,0.913929
49,2,0.501821,0.80877,0.436899,0.828734,0.913305
50,2,0.521554,0.800548,0.442055,0.843344,0.911955
51,2,0.511015,0.803999,0.430925,0.843344,0.915829
52,2,0.517971,0.797097,0.436083,0.841721,0.913982
53,2,0.509611,0.803187,0.438638,0.844968,0.914057
54,2,0.512601,0.799635,0.428718,0.843344,0.916939
55,2,0.511741,0.803999,0.427676,0.833604,0.917748
56,2,0.511493,0.804608,0.435108,0.841721,0.914912
57,2,0.502773,0.80471,0.431517,0.843344,0.916181
58,2,0.510483,0.805217,0.426312,0.840097,0.917339
59,2,0.500019,0.809074,0.422606,0.832792,0.919058
60,2,0.50205,0.810191,0.423056,0.838474,0.919888
61,2,0.511225,0.800548,0.424562,0.830357,0.919169
62,2,0.507946,0.807653,0.422487,0.829545,0.919327
63,2,0.503378,0.810191,0.428228,0.843344,0.917934
64,2,0.485821,0.814454,0.42517,0.834416,0.91822
65,2,0.499107,0.812221,0.422662,0.844156,0.918678
66,2,0.487944,0.81689,0.418631,0.835227,0.920835
67,2,0.49515,0.809785,0.415844,0.843344,0.921935
68,2,0.50106,0.812322,0.422085,0.836851,0.920058
69,2,0.505056,0.809176,0.425732,0.833604,0.92018
70,2,0.49178,0.813946,0.416721,0.840909,0.921432
71,2,0.507137,0.809379,0.419971,0.834416,0.920899
72,2,0.498244,0.812424,0.423416,0.833604,0.920796
73,2,0.508828,0.809176,0.42436,0.832792,0.921396
74,2,0.498262,0.80268,0.426919,0.849026,0.919772
75,2,0.507335,0.803086,0.423329,0.835227,0.919005
76,2,0.504867,0.803695,0.418873,0.846591,0.921432
77,2,0.496391,0.808668,0.421439,0.849838,0.920119
78,2,0.50958,0.806131,0.425901,0.846591,0.919277
79,2,0.501131,0.815164,0.418116,0.844968,0.920985
80,2,0.498176,0.809988,0.422017,0.826299,0.920849
